[{"model": "contenttypes.contenttype", "pk": 1, "fields": {"app_label": "admin", "model": "logentry"}}, {"model": "contenttypes.contenttype", "pk": 2, "fields": {"app_label": "auth", "model": "permission"}}, {"model": "contenttypes.contenttype", "pk": 3, "fields": {"app_label": "auth", "model": "group"}}, {"model": "contenttypes.contenttype", "pk": 4, "fields": {"app_label": "auth", "model": "user"}}, {"model": "contenttypes.contenttype", "pk": 5, "fields": {"app_label": "contenttypes", "model": "contenttype"}}, {"model": "contenttypes.contenttype", "pk": 6, "fields": {"app_label": "sessions", "model": "session"}}, {"model": "contenttypes.contenttype", "pk": 7, "fields": {"app_label": "pages", "model": "page"}}, {"model": "contenttypes.contenttype", "pk": 8, "fields": {"app_label": "registration", "model": "profile"}}, {"model": "contenttypes.contenttype", "pk": 9, "fields": {"app_label": "messenger", "model": "message"}}, {"model": "contenttypes.contenttype", "pk": 10, "fields": {"app_label": "messenger", "model": "thread"}}, {"model": "contenttypes.contenttype", "pk": 11, "fields": {"app_label": "perros", "model": "perro"}}, {"model": "contenttypes.contenttype", "pk": 12, "fields": {"app_label": "eventos", "model": "evento"}}, {"model": "contenttypes.contenttype", "pk": 13, "fields": {"app_label": "perros", "model": "provincia"}}, {"model": "contenttypes.contenttype", "pk": 14, "fields": {"app_label": "core", "model": "provincia"}}, {"model": "contenttypes.contenttype", "pk": 15, "fields": {"app_label": "eventos", "model": "tipoevento"}}, {"model": "contenttypes.contenttype", "pk": 16, "fields": {"app_label": "servicios", "model": "servicio"}}, {"model": "contenttypes.contenttype", "pk": 17, "fields": {"app_label": "servicios", "model": "tiposervicio"}}, {"model": "contenttypes.contenttype", "pk": 18, "fields": {"app_label": "social", "model": "link"}}, {"model": "contenttypes.contenttype", "pk": 19, "fields": {"app_label": "noticias", "model": "tiponoticia"}}, {"model": "contenttypes.contenttype", "pk": 20, "fields": {"app_label": "noticias", "model": "noticia"}}, {"model": "sessions.session", "pk": "ae72xy66mw81ewrcobac6gd26cjqydp5", "fields": {"session_data": "MTM5Mzk4MWQ0MjhlODUzMjBjOWM5YTAyNTQ2ZTg2MGM2NGY1ZmVjOTp7Il9hdXRoX3VzZXJfaWQiOiIxIiwiX2F1dGhfdXNlcl9iYWNrZW5kIjoiZGphbmdvLmNvbnRyaWIuYXV0aC5iYWNrZW5kcy5Nb2RlbEJhY2tlbmQiLCJfYXV0aF91c2VyX2hhc2giOiIyMDVjNzk2ZTQ2YWVlMzA2MzJjZjljMTUzMWZhZjQyOGRlYmNlNTEwIn0=", "expire_date": "2019-05-05T17:44:13.077Z"}}, {"model": "sessions.session", "pk": "d6w3h48e54iri9govo3rb0rbtrz96unj", "fields": {"session_data": "MjdmNGFmODA0Y2Y5YmNjNjBmNTk3YjRhZjQ0NDlhMGJlYmUwZGVjYTp7Il9hdXRoX3VzZXJfaWQiOiIxIiwiX2F1dGhfdXNlcl9iYWNrZW5kIjoiZGphbmdvLmNvbnRyaWIuYXV0aC5iYWNrZW5kcy5Nb2RlbEJhY2tlbmQiLCJfYXV0aF91c2VyX2hhc2giOiIxZGY2MmUwN2MwYjNhYTFhNjRkMzMyZTFmMzcyNmRlYmNkNGJkOTc5In0=", "expire_date": "2019-04-11T13:59:18.749Z"}}, {"model": "sessions.session", "pk": "f4z91w4uh7z9s0xqims993keml4my5we", "fields": {"session_data": "MTM5Mzk4MWQ0MjhlODUzMjBjOWM5YTAyNTQ2ZTg2MGM2NGY1ZmVjOTp7Il9hdXRoX3VzZXJfaWQiOiIxIiwiX2F1dGhfdXNlcl9iYWNrZW5kIjoiZGphbmdvLmNvbnRyaWIuYXV0aC5iYWNrZW5kcy5Nb2RlbEJhY2tlbmQiLCJfYXV0aF91c2VyX2hhc2giOiIyMDVjNzk2ZTQ2YWVlMzA2MzJjZjljMTUzMWZhZjQyOGRlYmNlNTEwIn0=", "expire_date": "2019-04-20T19:14:56.064Z"}}, {"model": "sessions.session", "pk": "hasjztbj9yof32q892ukd6htjf1ukl0g", "fields": {"session_data": "MTM5Mzk4MWQ0MjhlODUzMjBjOWM5YTAyNTQ2ZTg2MGM2NGY1ZmVjOTp7Il9hdXRoX3VzZXJfaWQiOiIxIiwiX2F1dGhfdXNlcl9iYWNrZW5kIjoiZGphbmdvLmNvbnRyaWIuYXV0aC5iYWNrZW5kcy5Nb2RlbEJhY2tlbmQiLCJfYXV0aF91c2VyX2hhc2giOiIyMDVjNzk2ZTQ2YWVlMzA2MzJjZjljMTUzMWZhZjQyOGRlYmNlNTEwIn0=", "expire_date": "2019-06-08T11:36:11.118Z"}}, {"model": "sessions.session", "pk": "jp1viaz7dajys8z6xml2eohrwekcypd4", "fields": {"session_data": "NThkNDRiYzYwZjk1NWEwZTk2NzkzYmMzMDY1MjhiOGM3NTM0MjE1MDp7Il9hdXRoX3VzZXJfaWQiOiIxIiwiX2F1dGhfdXNlcl9iYWNrZW5kIjoiZGphbmdvLmNvbnRyaWIuYXV0aC5iYWNrZW5kcy5Nb2RlbEJhY2tlbmQiLCJfYXV0aF91c2VyX2hhc2giOiIzMWJhOTE2ZGY2N2EwMGE5OWI3YjFlNzRlMTA0MzZhM2VmZWIwY2RiIn0=", "expire_date": "2019-04-19T09:55:49.515Z"}}, {"model": "sessions.session", "pk": "kn08icbld87ih6qxw3wcic93kgeycxem", "fields": {"session_data": "MTM5Mzk4MWQ0MjhlODUzMjBjOWM5YTAyNTQ2ZTg2MGM2NGY1ZmVjOTp7Il9hdXRoX3VzZXJfaWQiOiIxIiwiX2F1dGhfdXNlcl9iYWNrZW5kIjoiZGphbmdvLmNvbnRyaWIuYXV0aC5iYWNrZW5kcy5Nb2RlbEJhY2tlbmQiLCJfYXV0aF91c2VyX2hhc2giOiIyMDVjNzk2ZTQ2YWVlMzA2MzJjZjljMTUzMWZhZjQyOGRlYmNlNTEwIn0=", "expire_date": "2019-05-20T21:45:22.049Z"}}, {"model": "sessions.session", "pk": "on106ga9c8d7u1dw6r3hpl8jeqzioniz", "fields": {"session_data": "MTM5Mzk4MWQ0MjhlODUzMjBjOWM5YTAyNTQ2ZTg2MGM2NGY1ZmVjOTp7Il9hdXRoX3VzZXJfaWQiOiIxIiwiX2F1dGhfdXNlcl9iYWNrZW5kIjoiZGphbmdvLmNvbnRyaWIuYXV0aC5iYWNrZW5kcy5Nb2RlbEJhY2tlbmQiLCJfYXV0aF91c2VyX2hhc2giOiIyMDVjNzk2ZTQ2YWVlMzA2MzJjZjljMTUzMWZhZjQyOGRlYmNlNTEwIn0=", "expire_date": "2019-06-08T12:42:33.167Z"}}, {"model": "sessions.session", "pk": "wnhklcpp338a3k42bp0m1irwnptj17ho", "fields": {"session_data": "ZTNhY2I2YzZmZmViNWM3YTU1ZWI2OGFhYWUwODY3M2I1YWU1ODk4Mjp7fQ==", "expire_date": "2019-04-18T19:45:29.054Z"}}, {"model": "sessions.session", "pk": "y23fvg73j1u3fxqlgatxvttmzhtda6la", "fields": {"session_data": "MTM5Mzk4MWQ0MjhlODUzMjBjOWM5YTAyNTQ2ZTg2MGM2NGY1ZmVjOTp7Il9hdXRoX3VzZXJfaWQiOiIxIiwiX2F1dGhfdXNlcl9iYWNrZW5kIjoiZGphbmdvLmNvbnRyaWIuYXV0aC5iYWNrZW5kcy5Nb2RlbEJhY2tlbmQiLCJfYXV0aF91c2VyX2hhc2giOiIyMDVjNzk2ZTQ2YWVlMzA2MzJjZjljMTUzMWZhZjQyOGRlYmNlNTEwIn0=", "expire_date": "2019-05-16T19:10:56.893Z"}}, {"model": "core.provincia", "pk": "01", "fields": {"nombre": "Alava"}}, {"model": "core.provincia", "pk": "02", "fields": {"nombre": "Albacete"}}, {"model": "core.provincia", "pk": "03", "fields": {"nombre": "Alicante"}}, {"model": "core.provincia", "pk": "04", "fields": {"nombre": "Almer\u00eda"}}, {"model": "core.provincia", "pk": "05", "fields": {"nombre": "Avila"}}, {"model": "core.provincia", "pk": "06", "fields": {"nombre": "Badajoz"}}, {"model": "core.provincia", "pk": "07", "fields": {"nombre": "Islas Baleares"}}, {"model": "core.provincia", "pk": "08", "fields": {"nombre": "Barcelona"}}, {"model": "core.provincia", "pk": "09", "fields": {"nombre": "Burgos"}}, {"model": "core.provincia", "pk": "10", "fields": {"nombre": "C\u00e1ceres"}}, {"model": "core.provincia", "pk": "11", "fields": {"nombre": "C\u00e1diz"}}, {"model": "core.provincia", "pk": "12", "fields": {"nombre": "Castell\u00f3n"}}, {"model": "core.provincia", "pk": "13", "fields": {"nombre": "Ciudad Real"}}, {"model": "core.provincia", "pk": "14", "fields": {"nombre": "C\u00f3rdoba"}}, {"model": "core.provincia", "pk": "15", "fields": {"nombre": "A Coru\u00f1a"}}, {"model": "core.provincia", "pk": "16", "fields": {"nombre": "Cuenca"}}, {"model": "core.provincia", "pk": "17", "fields": {"nombre": "Girona"}}, {"model": "core.provincia", "pk": "18", "fields": {"nombre": "Granada"}}, {"model": "core.provincia", "pk": "19", "fields": {"nombre": "Guadalajara"}}, {"model": "core.provincia", "pk": "20", "fields": {"nombre": "Gipuzkoa"}}, {"model": "core.provincia", "pk": "21", "fields": {"nombre": "Huelva"}}, {"model": "core.provincia", "pk": "22", "fields": {"nombre": "Huesca"}}, {"model": "core.provincia", "pk": "23", "fields": {"nombre": "Ja\u00e9n"}}, {"model": "core.provincia", "pk": "24", "fields": {"nombre": "Le\u00f3n"}}, {"model": "core.provincia", "pk": "25", "fields": {"nombre": "Lleida"}}, {"model": "core.provincia", "pk": "26", "fields": {"nombre": "La Rioja"}}, {"model": "core.provincia", "pk": "27", "fields": {"nombre": "Lugo"}}, {"model": "core.provincia", "pk": "28", "fields": {"nombre": "Madrid"}}, {"model": "core.provincia", "pk": "29", "fields": {"nombre": "M\u00e1laga"}}, {"model": "core.provincia", "pk": "30", "fields": {"nombre": "Murcia"}}, {"model": "core.provincia", "pk": "31", "fields": {"nombre": "Navarra"}}, {"model": "core.provincia", "pk": "32", "fields": {"nombre": "Ourense"}}, {"model": "core.provincia", "pk": "33", "fields": {"nombre": "Asturias"}}, {"model": "core.provincia", "pk": "34", "fields": {"nombre": "Palencia"}}, {"model": "core.provincia", "pk": "35", "fields": {"nombre": "Las Palmas"}}, {"model": "core.provincia", "pk": "36", "fields": {"nombre": "Pontevedra"}}, {"model": "core.provincia", "pk": "37", "fields": {"nombre": "Salamanca"}}, {"model": "core.provincia", "pk": "38", "fields": {"nombre": "Sta Cruz de Tenerife"}}, {"model": "core.provincia", "pk": "39", "fields": {"nombre": "Cantabria"}}, {"model": "core.provincia", "pk": "40", "fields": {"nombre": "Segovia"}}, {"model": "core.provincia", "pk": "41", "fields": {"nombre": "Sevilla"}}, {"model": "core.provincia", "pk": "42", "fields": {"nombre": "Soria"}}, {"model": "core.provincia", "pk": "43", "fields": {"nombre": "Tarragona"}}, {"model": "core.provincia", "pk": "44", "fields": {"nombre": "Teruel"}}, {"model": "core.provincia", "pk": "45", "fields": {"nombre": "Toledo"}}, {"model": "core.provincia", "pk": "46", "fields": {"nombre": "Valencia"}}, {"model": "core.provincia", "pk": "47", "fields": {"nombre": "Valladolid"}}, {"model": "core.provincia", "pk": "48", "fields": {"nombre": "Bizkaia"}}, {"model": "core.provincia", "pk": "49", "fields": {"nombre": "Zamora"}}, {"model": "core.provincia", "pk": "50", "fields": {"nombre": "Zaragoza"}}, {"model": "core.provincia", "pk": "51", "fields": {"nombre": "Ceuta"}}, {"model": "core.provincia", "pk": "52", "fields": {"nombre": "Melilla"}}, {"model": "social.link", "pk": 1, "fields": {"key": "LINK_FACEBOOK", "name": "Facebook", "url": "https://www.facebook.com/CHCESP/", "created": "2019-05-25T11:06:51.804Z", "updated": "2019-05-25T11:06:51.804Z"}}, {"model": "social.link", "pk": 2, "fields": {"key": "LINK_TWITTER", "name": "Twitter", "url": "https://twitter.com/CampusHomoCanis", "created": "2019-05-25T11:09:03.340Z", "updated": "2019-05-25T11:09:03.340Z"}}, {"model": "social.link", "pk": 3, "fields": {"key": "LINK_INSTAGRAM", "name": "Instagram", "url": "https://www.instagram.com/campushomocanis/?hl=es", "created": "2019-05-25T11:09:33.248Z", "updated": "2019-05-25T11:09:33.248Z"}}, {"model": "pages.page", "pk": 1, "fields": {"title": "Pol\u00edtica de privacidad", "content": "<p>Lorem ipsum dolor sit amet, <strong>consectetur adipiscing elit</strong>. Curabitur a maximus enim. Duis sed ante at nulla semper tincidunt. Donec vitae tellus quis augue aliquet semper vitae in odio. Ut luctus, mauris vitae viverra faucibus, felis nunc ultricies urna, et aliquet diam nibh ac turpis. Fusce tincidunt augue fermentum, condimentum justo ut, fermentum tortor. Aliquam a tortor ut orci finibus lobortis non a metus. Curabitur volutpat felis nunc, sed gravida velit euismod eget.</p>", "order": 1, "created": "2019-03-28T09:48:35.044Z", "updated": "2019-05-25T11:31:04.720Z"}}, {"model": "pages.page", "pk": 2, "fields": {"title": "Aviso legal", "content": "<p>Nullam sed leo nec velit bibendum pellentesque. <strong><em>Aliquam luctus ante ante,</em></strong> eu fringilla nunc venenatis ac. Nunc maximus eros ac semper suscipit. Proin ut condimentum justo. Suspendisse lacinia aliquet tincidunt. Integer quis ornare lorem. Nunc ac risus ante. Etiam sit amet libero at tellus interdum pretium quis sagittis leo. Fusce tristique luctus ullamcorper. Nunc porta mi eget velit luctus vestibulum. Mauris libero nisl, congue vitae dui et, iaculis gravida enim. Sed felis quam, convallis ac blandit eget, cursus nec nisi. Aliquam erat volutpat.</p>", "order": 0, "created": "2019-03-28T09:48:50.004Z", "updated": "2019-05-25T11:32:58.365Z"}}, {"model": "pages.page", "pk": 4, "fields": {"title": "Cookies", "content": "<p>Quisque dictum facilisis felis eu pharetra. Morbi odio libero, aliquam id fermentum sed, dignissim quis tellus.</p>", "order": 2, "created": "2019-03-28T13:08:21.333Z", "updated": "2019-05-25T11:34:02.468Z"}}, {"model": "eventos.tipoevento", "pk": 1, "fields": {"tipo": "00", "nombre": "Sin determinar"}}, {"model": "eventos.tipoevento", "pk": 2, "fields": {"tipo": "01", "nombre": "Tapeos"}}, {"model": "eventos.tipoevento", "pk": 3, "fields": {"tipo": "02", "nombre": "Informaci\u00f3n"}}, {"model": "eventos.tipoevento", "pk": 4, "fields": {"tipo": "03", "nombre": "Formaci\u00f3n"}}, {"model": "servicios.tiposervicio", "pk": 1, "fields": {"tipo": "00", "nombre": "Sin definir"}}, {"model": "servicios.tiposervicio", "pk": 2, "fields": {"tipo": "01", "nombre": "Protectora"}}, {"model": "servicios.tiposervicio", "pk": 3, "fields": {"tipo": "02", "nombre": "Veterinario"}}, {"model": "servicios.tiposervicio", "pk": 4, "fields": {"tipo": "03", "nombre": "Peluquer\u00eda"}}, {"model": "servicios.tiposervicio", "pk": 5, "fields": {"tipo": "04", "nombre": "Tienda"}}, {"model": "servicios.tiposervicio", "pk": 6, "fields": {"tipo": "05", "nombre": "Adiestrador"}}, {"model": "noticias.tiponoticia", "pk": 1, "fields": {"tipo": "00", "nombre": "Sin clasificar"}}, {"model": "noticias.tiponoticia", "pk": 2, "fields": {"tipo": "01", "nombre": "Legislaci\u00f3n"}}, {"model": "noticias.tiponoticia", "pk": 3, "fields": {"tipo": "02", "nombre": "Sucesos"}}, {"model": "auth.permission", "pk": 1, "fields": {"name": "Can add log entry", "content_type": 1, "codename": "add_logentry"}}, {"model": "auth.permission", "pk": 2, "fields": {"name": "Can change log entry", "content_type": 1, "codename": "change_logentry"}}, {"model": "auth.permission", "pk": 3, "fields": {"name": "Can delete log entry", "content_type": 1, "codename": "delete_logentry"}}, {"model": "auth.permission", "pk": 4, "fields": {"name": "Can add permission", "content_type": 2, "codename": "add_permission"}}, {"model": "auth.permission", "pk": 5, "fields": {"name": "Can change permission", "content_type": 2, "codename": "change_permission"}}, {"model": "auth.permission", "pk": 6, "fields": {"name": "Can delete permission", "content_type": 2, "codename": "delete_permission"}}, {"model": "auth.permission", "pk": 7, "fields": {"name": "Can add group", "content_type": 3, "codename": "add_group"}}, {"model": "auth.permission", "pk": 8, "fields": {"name": "Can change group", "content_type": 3, "codename": "change_group"}}, {"model": "auth.permission", "pk": 9, "fields": {"name": "Can delete group", "content_type": 3, "codename": "delete_group"}}, {"model": "auth.permission", "pk": 10, "fields": {"name": "Can add user", "content_type": 4, "codename": "add_user"}}, {"model": "auth.permission", "pk": 11, "fields": {"name": "Can change user", "content_type": 4, "codename": "change_user"}}, {"model": "auth.permission", "pk": 12, "fields": {"name": "Can delete user", "content_type": 4, "codename": "delete_user"}}, {"model": "auth.permission", "pk": 13, "fields": {"name": "Can add content type", "content_type": 5, "codename": "add_contenttype"}}, {"model": "auth.permission", "pk": 14, "fields": {"name": "Can change content type", "content_type": 5, "codename": "change_contenttype"}}, {"model": "auth.permission", "pk": 15, "fields": {"name": "Can delete content type", "content_type": 5, "codename": "delete_contenttype"}}, {"model": "auth.permission", "pk": 16, "fields": {"name": "Can add session", "content_type": 6, "codename": "add_session"}}, {"model": "auth.permission", "pk": 17, "fields": {"name": "Can change session", "content_type": 6, "codename": "change_session"}}, {"model": "auth.permission", "pk": 18, "fields": {"name": "Can delete session", "content_type": 6, "codename": "delete_session"}}, {"model": "auth.permission", "pk": 19, "fields": {"name": "Can add p\u00e1gina", "content_type": 7, "codename": "add_page"}}, {"model": "auth.permission", "pk": 20, "fields": {"name": "Can change p\u00e1gina", "content_type": 7, "codename": "change_page"}}, {"model": "auth.permission", "pk": 21, "fields": {"name": "Can delete p\u00e1gina", "content_type": 7, "codename": "delete_page"}}, {"model": "auth.permission", "pk": 22, "fields": {"name": "Can add profile", "content_type": 8, "codename": "add_profile"}}, {"model": "auth.permission", "pk": 23, "fields": {"name": "Can change profile", "content_type": 8, "codename": "change_profile"}}, {"model": "auth.permission", "pk": 24, "fields": {"name": "Can delete profile", "content_type": 8, "codename": "delete_profile"}}, {"model": "auth.permission", "pk": 25, "fields": {"name": "Can add message", "content_type": 9, "codename": "add_message"}}, {"model": "auth.permission", "pk": 26, "fields": {"name": "Can change message", "content_type": 9, "codename": "change_message"}}, {"model": "auth.permission", "pk": 27, "fields": {"name": "Can delete message", "content_type": 9, "codename": "delete_message"}}, {"model": "auth.permission", "pk": 28, "fields": {"name": "Can add thread", "content_type": 10, "codename": "add_thread"}}, {"model": "auth.permission", "pk": 29, "fields": {"name": "Can change thread", "content_type": 10, "codename": "change_thread"}}, {"model": "auth.permission", "pk": 30, "fields": {"name": "Can delete thread", "content_type": 10, "codename": "delete_thread"}}, {"model": "auth.permission", "pk": 31, "fields": {"name": "Can add perro", "content_type": 11, "codename": "add_perro"}}, {"model": "auth.permission", "pk": 32, "fields": {"name": "Can change perro", "content_type": 11, "codename": "change_perro"}}, {"model": "auth.permission", "pk": 33, "fields": {"name": "Can delete perro", "content_type": 11, "codename": "delete_perro"}}, {"model": "auth.permission", "pk": 34, "fields": {"name": "Can add evento", "content_type": 12, "codename": "add_evento"}}, {"model": "auth.permission", "pk": 35, "fields": {"name": "Can change evento", "content_type": 12, "codename": "change_evento"}}, {"model": "auth.permission", "pk": 36, "fields": {"name": "Can delete evento", "content_type": 12, "codename": "delete_evento"}}, {"model": "auth.permission", "pk": 37, "fields": {"name": "Can add provincia", "content_type": 13, "codename": "add_provincia"}}, {"model": "auth.permission", "pk": 38, "fields": {"name": "Can change provincia", "content_type": 13, "codename": "change_provincia"}}, {"model": "auth.permission", "pk": 39, "fields": {"name": "Can delete provincia", "content_type": 13, "codename": "delete_provincia"}}, {"model": "auth.permission", "pk": 40, "fields": {"name": "Can add provincia", "content_type": 14, "codename": "add_provincia"}}, {"model": "auth.permission", "pk": 41, "fields": {"name": "Can change provincia", "content_type": 14, "codename": "change_provincia"}}, {"model": "auth.permission", "pk": 42, "fields": {"name": "Can delete provincia", "content_type": 14, "codename": "delete_provincia"}}, {"model": "auth.permission", "pk": 43, "fields": {"name": "Can add tipo de evento", "content_type": 15, "codename": "add_tipoevento"}}, {"model": "auth.permission", "pk": 44, "fields": {"name": "Can change tipo de evento", "content_type": 15, "codename": "change_tipoevento"}}, {"model": "auth.permission", "pk": 45, "fields": {"name": "Can delete tipo de evento", "content_type": 15, "codename": "delete_tipoevento"}}, {"model": "auth.permission", "pk": 46, "fields": {"name": "Can add servicio", "content_type": 16, "codename": "add_servicio"}}, {"model": "auth.permission", "pk": 47, "fields": {"name": "Can change servicio", "content_type": 16, "codename": "change_servicio"}}, {"model": "auth.permission", "pk": 48, "fields": {"name": "Can delete servicio", "content_type": 16, "codename": "delete_servicio"}}, {"model": "auth.permission", "pk": 49, "fields": {"name": "Can add tipo de servicio", "content_type": 17, "codename": "add_tiposervicio"}}, {"model": "auth.permission", "pk": 50, "fields": {"name": "Can change tipo de servicio", "content_type": 17, "codename": "change_tiposervicio"}}, {"model": "auth.permission", "pk": 51, "fields": {"name": "Can delete tipo de servicio", "content_type": 17, "codename": "delete_tiposervicio"}}, {"model": "auth.permission", "pk": 52, "fields": {"name": "Can add enlace", "content_type": 18, "codename": "add_link"}}, {"model": "auth.permission", "pk": 53, "fields": {"name": "Can change enlace", "content_type": 18, "codename": "change_link"}}, {"model": "auth.permission", "pk": 54, "fields": {"name": "Can delete enlace", "content_type": 18, "codename": "delete_link"}}, {"model": "auth.permission", "pk": 55, "fields": {"name": "Can add tipo de noticia", "content_type": 19, "codename": "add_tiponoticia"}}, {"model": "auth.permission", "pk": 56, "fields": {"name": "Can change tipo de noticia", "content_type": 19, "codename": "change_tiponoticia"}}, {"model": "auth.permission", "pk": 57, "fields": {"name": "Can delete tipo de noticia", "content_type": 19, "codename": "delete_tiponoticia"}}, {"model": "auth.permission", "pk": 58, "fields": {"name": "Can add noticia", "content_type": 20, "codename": "add_noticia"}}, {"model": "auth.permission", "pk": 59, "fields": {"name": "Can change noticia", "content_type": 20, "codename": "change_noticia"}}, {"model": "auth.permission", "pk": 60, "fields": {"name": "Can delete noticia", "content_type": 20, "codename": "delete_noticia"}}, {"model": "auth.user", "pk": 1, "fields": {"password": "pbkdf2_sha256$100000$Uz0SW2JI7f8o$l5zLIZ5rTrOIuG9r3HmnN5R8RyCM1VY7KXR/9F8SAk4=", "last_login": "2019-05-25T12:42:33.026Z", "is_superuser": true, "username": "javier", "first_name": "", "last_name": "", "email": "lobojavier66@gmail.com", "is_staff": true, "is_active": true, "date_joined": "2019-03-28T09:42:31.551Z", "groups": [], "user_permissions": []}}, {"model": "auth.user", "pk": 6, "fields": {"password": "pbkdf2_sha256$100000$M9JTMA7k5AmQ$4iuDgcAQoktLnJjkt/EUgQws79LHWfFdROcCDfsdntg=", "last_login": "2019-05-25T11:35:44.047Z", "is_superuser": false, "username": "Montse", "first_name": "", "last_name": "", "email": "montse@test.com", "is_staff": false, "is_active": true, "date_joined": "2019-04-06T12:45:17.146Z", "groups": [], "user_permissions": []}}, {"model": "auth.user", "pk": 8, "fields": {"password": "pbkdf2_sha256$100000$VY4pJByY5HC5$S0MyptwB0cTpPSU6aybTxIH3QfnfPAF2jKlpY2kaL0c=", "last_login": "2019-05-18T19:27:16.146Z", "is_superuser": false, "username": "Adala", "first_name": "", "last_name": "", "email": "", "is_staff": false, "is_active": true, "date_joined": "2019-05-18T17:32:31.838Z", "groups": [], "user_permissions": []}}, {"model": "auth.user", "pk": 9, "fields": {"password": "pbkdf2_sha256$100000$2Ug6BophYc7d$VCiZVyTSCLclvYTMUVoXbB/QWGBBG9poB0kRwJNvlYE=", "last_login": "2019-05-20T13:22:23.783Z", "is_superuser": false, "username": "CanGatos", "first_name": "", "last_name": "", "email": "", "is_staff": false, "is_active": true, "date_joined": "2019-05-18T17:32:46.569Z", "groups": [], "user_permissions": []}}, {"model": "perros.perro", "pk": 1, "fields": {"nombre": "Brenda", "sexo": "H", "usuario": 1, "raza": "Mestizo", "nacimiento": 2012, "size": "Peque\u00f1o", "color": "Negro", "foto": "perros/brenda.png", "descripcion": "<p>Esta es Brenda, la perrita mas buena y cari&ntilde;osa del mundo entero.</p>\r\n\r\n<p>Mi ni&ntilde;a.</p>", "link": null, "provincia": "50", "created": "2019-04-23T11:29:39.663Z", "updated": "2019-05-10T20:00:09.135Z"}}, {"model": "perros.perro", "pk": 2, "fields": {"nombre": "ABBA", "sexo": "H", "usuario": 1, "raza": "Labrador", "nacimiento": 2006, "size": "Mediano", "color": "Negro", "foto": "perros/Abba.png", "descripcion": "<p>Abba lleg&oacute; a casa en muy mal estado y tras un a&ntilde;o de muchos cuidados y adiestramiento ha quedado una perra muy buena y cari&ntilde;osa.</p>\r\n\r\n<p><strong>Contrary to popular belief</strong>, Lorem Ipsum is not simply random text. It has roots in a piece of classical Latin literature from 45 BC, making it over 2000 years old. Richard McClintock, a Latin professor at Hampden-Sydney College in Virginia, looked up one of the more obscure Latin words, consectetur, from a Lorem Ipsum passage, and going through the cites of the word in classical literature, discovered the undoubtable source. Lorem Ipsum comes from sections 1.10.32 and 1.10.33 of &quot;de Finibus Bonorum et Malorum&quot; (The Extremes of Good and Evil) by Cicero, written in 45 BC. This book is a treatise on the theory of ethics, very popular during the Renaissance. The first line of Lorem Ipsum, &quot;Lorem ipsum dolor sit amet..&quot;, comes from a line in section 1.10.32.</p>\r\n\r\n<p>The standard chunk of Lorem Ipsum used since the 1500s is reproduced below for those interested. Sections 1.10.32 and 1.10.33 from &quot;de Finibus Bonorum et Malorum&quot; by Cicero are also reproduced in their exact original form, accompanied by English versions from the 1914 translation by H. Rackham.</p>", "link": "https://www.instagram.com/p/BWXtC8BDkOs/", "provincia": "01", "created": "2019-04-23T12:19:41.749Z", "updated": "2019-05-18T11:13:29.307Z"}}, {"model": "perros.perro", "pk": 3, "fields": {"nombre": "Amy", "sexo": "H", "usuario": 6, "raza": "Mestizo", "nacimiento": 2015, "size": "Mediano", "color": "Blanco manchas negras", "foto": "perros/amy.png", "descripcion": "<p>Amy es una perra educada, cari&ntilde;osa y muy obediente.</p>", "link": null, "provincia": "50", "created": "2019-04-23T12:26:40.142Z", "updated": "2019-04-27T11:19:57.027Z"}}, {"model": "perros.perro", "pk": 4, "fields": {"nombre": "Dober", "sexo": "M", "usuario": 6, "raza": "Doberman", "nacimiento": 2014, "size": "Grande", "color": "Negro", "foto": "perros/dober.png", "descripcion": "<p>Tiene una mirada que enamora. Obediente, cari&ntilde;oso pero se hace respetar cuando la ocasi&oacute;n lo requiere.</p>", "link": null, "provincia": "50", "created": "2019-04-23T12:28:19.312Z", "updated": "2019-04-23T12:28:19.312Z"}}, {"model": "perros.perro", "pk": 6, "fields": {"nombre": "Roty", "sexo": "M", "usuario": 1, "raza": "Rotweiler", "nacimiento": 2015, "size": "Grande", "color": "Marron oscuro", "foto": "perros/rottweiler.png", "descripcion": "<p>Bueno y cari&ntilde;oso.</p>", "link": null, "provincia": "38", "created": "2019-05-06T20:37:34.075Z", "updated": "2019-05-18T12:36:11.599Z"}}, {"model": "perros.perro", "pk": 7, "fields": {"nombre": "Ali", "sexo": "M", "usuario": 6, "raza": "Malinois", "nacimiento": 2016, "size": "Grande", "color": "Marr\u00f3n", "foto": "perros/Ali.png", "descripcion": "<p>Precioso Malinois de Alemania</p>\r\n\r\n<p>&nbsp;</p>", "link": "https://www.instagram.com/amy.malinois/", "provincia": "08", "created": "2019-05-19T09:22:38.078Z", "updated": "2019-05-19T09:22:38.078Z"}}, {"model": "perros.perro", "pk": 8, "fields": {"nombre": "Rufo", "sexo": "M", "usuario": 6, "raza": "Puppie", "nacimiento": 2018, "size": "Toy/Enano", "color": "Marr\u00f3n", "foto": "perros/Rufo.png", "descripcion": "<p>C&oacute;mo me gustan las caricias!!</p>", "link": "https://www.instagram.com/p/BxJSsa-hebp/", "provincia": "22", "created": "2019-05-19T09:26:39.537Z", "updated": "2019-05-19T09:26:39.537Z"}}, {"model": "perros.perro", "pk": 9, "fields": {"nombre": "Galguito", "sexo": "M", "usuario": 8, "raza": "Galgo", "nacimiento": 2017, "size": "Mediano", "color": "Marr\u00f3n", "foto": "perros/galguito.jpg", "descripcion": "<p>Galgo Espa&ntilde;ol tiene 2 a&ntilde;os. Lo ceden por no poder atender. No testado con gatos. Se dar&aacute; con contrato de adopci&oacute;n y compromiso de esterelizacion. Interesados por privado. Urge sacarlo del galguero. Difusi&oacute;n por favor</p>", "link": "https://www.facebook.com/groups/1684816615064519/permalink/2381797888699718/", "provincia": "50", "created": "2019-05-20T13:31:02.586Z", "updated": "2019-05-25T12:44:23.418Z"}}, {"model": "perros.perro", "pk": 10, "fields": {"nombre": "Toby", "sexo": "M", "usuario": 6, "raza": "Galgo y Mast\u00edn", "nacimiento": 2019, "size": "Grande", "color": "Blanco y marr\u00f3n", "foto": "perros/toby.jpg", "descripcion": "<p>Pod&eacute;is difundir porfa??? TOBY, cruce de galgo y mast&iacute;n. Tiene 3 meses y todo al d&iacute;a. Buscamos adopci&oacute;n responsable. Se entregar&aacute; con contrato de adopci&oacute;n y compromiso de esterelizacion. Interesados por privado Gracias</p>", "link": "https://www.facebook.com/rosa.magana.182/posts/10214749367784114", "provincia": "50", "created": "2019-05-20T13:39:32.836Z", "updated": "2019-05-20T13:39:32.836Z"}}, {"model": "perros.perro", "pk": 11, "fields": {"nombre": "Tosco", "sexo": "M", "usuario": 1, "raza": "Mestizo", "nacimiento": 2016, "size": "Mediano", "color": "Marr\u00f3n", "foto": "perros/tosco.jpg", "descripcion": "<p>Que os dicen estos ojos!????? Tan bueno y con esa lacra, necesitar licencia. Donde est&aacute; su familia???? Ayudarme a buscarla y darle VIDA a este peque&ntilde;o. Se llama Tosco, gracias por difundir de nuevo</p>\r\n\r\n<div>&nbsp;</div>", "link": "https://www.facebook.com/photo.php?fbid=10214772086592070&set=a.1912840417025&type=3&theater", "provincia": "50", "created": "2019-05-20T15:46:45.522Z", "updated": "2019-05-20T15:46:45.522Z"}}, {"model": "perros.perro", "pk": 12, "fields": {"nombre": "Sookie", "sexo": "H", "usuario": 1, "raza": "Mestizo", "nacimiento": 2019, "size": "Mediano", "color": "Marr\u00f3n claro", "foto": "perros/sookie.png", "descripcion": "SOOKIE\u2728soy una de las beb\u00e9s de Libertad que buscan familia! Tengo un mes aproximadamente, y ser\u00e9 de tama\u00f1o mediano cuando sea adulta (20kg aprox). Dentro de muy poquito ya estar\u00e9 lista para irme con mi nueva familia, porque ya empiezo a comer solita! Mis 8 hermanitos tambien buscan un hogar, os los ir\u00e9 presentando! \u2764\ufe0f te animas a adoptarme? Contacta por whatsapp al tlf 687 90 72 45. Se entregan desparasitados, primera vacuna de puppy, chip y pasaporte. Compromiso de esterilizacion.", "link": "https://www.instagram.com/p/Bxy4aHhi8q3/", "provincia": "50", "created": "2019-05-24T13:36:32.798Z", "updated": "2019-05-24T13:36:32.798Z"}}, {"model": "perros.perro", "pk": 13, "fields": {"nombre": "Xena", "sexo": "H", "usuario": 6, "raza": "Pitbull", "nacimiento": 2015, "size": "Mediano", "color": "Gris", "foto": "perros/xena.png", "descripcion": "Esta miradita est\u00e1 en adopci\u00f3n \ud83e\udd70\r\nXena es una perra tranquila y equilibrada que est\u00e1 esperando que alguien se fije en ella, ser\u00e1s t\u00fa?", "link": "https://www.facebook.com/Rescatepppmenorca/photos/a.1001677179901534/2211417615594145/?type=3&theater", "provincia": "07", "created": "2019-05-25T10:07:31.105Z", "updated": "2019-05-25T10:17:15.569Z"}}, {"model": "perros.perro", "pk": 14, "fields": {"nombre": "Cloe", "sexo": "H", "usuario": 9, "raza": "Alano", "nacimiento": 2016, "size": "Grande", "color": "Marr\u00f3n", "foto": "perros/cloe.png", "descripcion": "<p>Cloe en adopci&oacute;n Hembra de 3 a&ntilde;os, muy buena y tolerante con los ni&ntilde;os, muy educada dentro de casa y acostumbrada a vivir en un piso. Apta con otros perros siempre que haya una buena presentaci&oacute;n, prefiere la compa&ntilde;&iacute;a de perros peque&ntilde;os</p>", "link": "https://www.facebook.com/Rescatepppmenorca/photos/a.1001677106568208/2341276509274921/?type=3&theater", "provincia": "07", "created": "2019-05-25T10:23:26.670Z", "updated": "2019-05-25T12:44:42.824Z"}}, {"model": "perros.perro", "pk": 15, "fields": {"nombre": "Thor", "sexo": "M", "usuario": 1, "raza": "Pitbull", "nacimiento": 2017, "size": "Grande", "color": "Negro", "foto": "perros/Thor.png", "descripcion": "Thor en adopci\u00f3n\r\nMacho de 2 a\u00f1os, muy noble, simp\u00e1tico y cari\u00f1oso, adora ser el centro de atenci\u00f3n y recibir mimos\r\nSi quieres m\u00e1s informaci\u00f3n m\u00e1ndanos un mensaje privado", "link": "https://www.facebook.com/Rescatepppmenorca/posts/2341275942608311", "provincia": "07", "created": "2019-05-25T12:15:33.441Z", "updated": "2019-05-25T12:15:33.441Z"}}, {"model": "eventos.evento", "pk": 1, "fields": {"usuario": 1, "nombre": "Prueba", "tipoevento": 3, "foto": "eventos/Selecci\u00f3n_001.png", "fechaEvento": "2019-09-12", "descripcion": "<p>probando</p>\r\n\r\n<p>este</p>\r\n\r\n<p>es</p>\r\n\r\n<p>otro evento</p>", "link": null, "provincia": "50", "created": "2019-05-06T21:22:36.617Z", "updated": "2019-05-18T17:50:10.155Z"}}, {"model": "eventos.evento", "pk": 2, "fields": {"usuario": 9, "nombre": "Vermut solidario CanGatos", "tipoevento": 2, "foto": "eventos/rottweiler.png", "fechaEvento": "2019-07-03", "descripcion": "<p>otro evento de cangatos</p>", "link": "https://www.20minutos.es/noticia/3635494/0/error-juego-de-tronos-starbuck-millones-publicidad/", "provincia": "44", "created": "2019-05-06T21:53:15.180Z", "updated": "2019-05-18T19:28:43.608Z"}}, {"model": "eventos.evento", "pk": 3, "fields": {"usuario": 8, "nombre": "Cheese & Drinks", "tipoevento": 2, "foto": "eventos/cheeseanddrinks.png", "fechaEvento": "2019-06-01", "descripcion": "<p>&iquest;Alg&uacute;n plan mejor que este?<br />\r\nDespu&eacute;s de la lluvia sale el sol y que mejor que venir a nuestro tapeo solidario.<br />\r\nCon tapas a tan solo 1 euro!!!!!<br />\r\nSaludables, ricas...<br />\r\nAnimate tambi&eacute;n tendremos loter&iacute;a y calendarios!!!</p>", "link": "https://www.instagram.com/p/Bp_vyY6gYx1/", "provincia": "44", "created": "2019-05-18T17:21:18.806Z", "updated": "2019-05-18T17:50:38.036Z"}}, {"model": "eventos.evento", "pk": 4, "fields": {"usuario": 8, "nombre": "Mesa informativa Adala", "tipoevento": 3, "foto": "eventos/Mesa_informativa.png", "fechaEvento": "2019-06-08", "descripcion": "<p>Mesa Informativa \ud83d\udde3\ud83d\udde3\ud83d\udde3\ud83d\udde3\ud83d\udde3 Ma&ntilde;ana s&aacute;bado! \ud83d\udc4b\ud83c\udffb\ud83d\udc4b\ud83c\udffb\ud83d\udc4b\ud83c\udffb\ud83d\udc83\ud83c\udffc\ud83d\udc83\ud83c\udffc Por fin! Estaremos en la Plaza de Espa&ntilde;a. Con nuestros perros que buscan adopci&oacute;n, y como no, con nuestros superrrrr voluntarios \ud83d\ude46\ud83c\udffd&zwj;\u2640 Desde las 11 de la ma&ntilde;ana hasta las 21 de la noche! Vente y te dejaremos ver nuestros s&uacute;per calendarios! Y masssssssss<br />\r\n<br />\r\nAdem&aacute;s puedes informarte de que hacer para ayudar. Es f&aacute;cil.<br />\r\nQuerer es poder \ud83d\udcaa\ud83c\udffc<br />\r\nQuieres? Te lo ponemos f&aacute;cil.</p>", "link": "https://www.instagram.com/p/BpspSZqg5T4/", "provincia": "50", "created": "2019-05-18T17:25:18.118Z", "updated": "2019-05-18T19:27:28.615Z"}}, {"model": "eventos.evento", "pk": 5, "fields": {"usuario": 9, "nombre": "Tapeo CanGatos", "tipoevento": 2, "foto": "eventos/Tapeo_CanGatos.jpeg", "fechaEvento": "2019-05-19", "descripcion": "<p>De 12 a 16 te esperamos en C/Xirgu 3.</p>\r\n\r\n<p>Qu&eacute; mejor forma de empezar el domingo que ayudando a nuestros amigos perrunos.</p>", "link": null, "provincia": "50", "created": "2019-05-19T08:57:05.653Z", "updated": "2019-05-19T08:57:05.653Z"}}, {"model": "eventos.evento", "pk": 6, "fields": {"usuario": 6, "nombre": "Tapeo Ladridos del Huerva", "tipoevento": 2, "foto": "eventos/ladridos_del_huervapng.png", "fechaEvento": "2019-05-25", "descripcion": "<p>\ud83c\udf2e\ud83e\udd58\ud83c\udf5d\ud83e\udd57TAPEO SOLIDARIO\ud83c\udf55\ud83c\udf2d\ud83e\udd6a\ud83c\udf54<br />\r\n&iexcl;&iexcl;Este s&aacute;bado 25 de mayo haremos nuestro tapeo de 12 a 14:30!!<br />\r\nTodo lo recaudado ir&aacute; destinado &iacute;ntegramente a cubrir los gastos de nuestra protectora.<br />\r\nRecordamos que tambi&eacute;n recogeremos donaciones.<br />\r\n\u23e9Si te gusta cocinar y quieres colaborar trayendo tus tapas, m&aacute;ndanos un mensaje privado y te explicaremos c&oacute;mo hacerlo!<br />\r\n\ud83d\udc08&hearts;\ufe0f &iexcl;Os esperamos a todos all&iacute;!&hearts;\ufe0f\ud83d\udc36</p>", "link": "https://www.instagram.com/p/BxpSCYZBh3J/", "provincia": "50", "created": "2019-05-20T14:21:06.334Z", "updated": "2019-05-20T14:21:06.334Z"}}, {"model": "eventos.evento", "pk": 7, "fields": {"usuario": 1, "nombre": "Tour de arte urbano", "tipoevento": 2, "foto": "eventos/tour_arte_urbano.jpg", "fechaEvento": "2019-06-08", "descripcion": "<div>EVENTAZO SOLIDARIO!!<br />\r\nTOUR DE ARTE URBANO POR MADRID CON PERROS... Aunque si no tienes, tambi&eacute;n eres bienvenido \ud83d\ude09<br />\r\n<br />\r\n\ud83d\udcc6 8 de Junio<br />\r\n\u231a 11:00-13:00<br />\r\n\ud83d\udccd Teatro Valle-Incl&aacute;n, Madrid<br />\r\n\ud83d\udcb6 20&euro; Todo lo recaudado ser&aacute; destinado &iacute;ntegramente para Rehabilitandog.<br />\r\n\u270d\ufe0f Reserva: rehabilitandog@gmail.com<br />\r\n<br />\r\nRealizamos, gracias a la solidaridad de @cooltourspain, el primer tour de arte urbano por Madrid con perros... Aunque si quieres venir y no tienes perro, te garantizamos que lo vas a pasar igual de bien.<br />\r\n<br />\r\nDescubriremos por zonas como Lavapies, verdaderas obras de arte que se caracterizan por ser ef&iacute;meras: hoy est&aacute;n, pero ma&ntilde;ana...<br />\r\n<br />\r\nEl donativo es de 20&euro; que ser&aacute; &iacute;ntegro para Rehabilitandog.<br />\r\n<br />\r\nEl pago de la reserva se puede realizar por:<br />\r\n- PayPal rehabilitandog@gmail.com. Incluir nombre y apellidos y n&uacute;mero de asistentes.<br />\r\n- Transferencia:<br />\r\nLa Caixa ES72 2100 6287 4102 0010 6844<br />\r\nTitular- Rehabilitandog<br />\r\nCONCEPTO- Donativo arte urbano + nombre y apellidos<br />\r\n<br />\r\nTodos los asistentes os llevar&eacute;is una bolsita con regalos proporcionados por los patrocinadores.<br />\r\n<br />\r\nQUI&Eacute;N SE APUNTA!!!!!????</div>\r\n\r\n<div>&nbsp;</div>", "link": "https://www.facebook.com/events/652994245144363/", "provincia": "28", "created": "2019-05-20T15:20:44.211Z", "updated": "2019-05-20T15:20:44.211Z"}}, {"model": "eventos.evento", "pk": 8, "fields": {"usuario": 1, "nombre": "Vermut espolones", "tipoevento": 2, "foto": "eventos/vermut_espolones.png", "fechaEvento": "2019-05-12", "descripcion": "<p>YA TIENES PLANAZO PARA EL 12 DE MAYO!!!! Nuestros &uacute;ltimos rescates est&aacute;n necesitando muchas pruebas y tratamientos para los que necesitamos ayuda para poder costearlos. Tirso, Alca, Monty y Taylor est&aacute;n copando todo nuestro presupuesto veterinario. Colabora con nosotros acudiendo a este tapeo, tambi&eacute;n puedes mandarnos un privado y aportar tus ricas tapitas o puedes hacernos una donaci&oacute;n directamente. Colabora con lo que te sea posible, ellos te lo agradecer&aacute;n. As&iacute; los ayudas a ellos y permites que otros puedan seguir entrando. OS ESPERAMOS!!!!! <a href=\"https://www.instagram.com/explore/tags/tapeosolidario/\">#tapeosolidario</a> <a href=\"https://www.instagram.com/explore/tags/protectoradeanimales/\">#protectoradeanimales</a> <a href=\"https://www.instagram.com/explore/tags/zaragoza/\">#zaragoza</a> <a href=\"https://www.instagram.com/explore/tags/proteccionanimal/\">#proteccionanimal</a></p>", "link": "https://www.instagram.com/p/Bw7d2evHTKd/?igshid=zvlw63n61sps", "provincia": "50", "created": "2019-05-24T13:39:26.821Z", "updated": "2019-05-24T13:39:26.821Z"}}, {"model": "eventos.evento", "pk": 9, "fields": {"usuario": 6, "nombre": "Con-Ziencia", "tipoevento": 3, "foto": "eventos/conziencia.png", "fechaEvento": "2019-06-02", "descripcion": "<p>Estaremos en el evento Conziencia con nuestra mesa informativa y charla para concienciar y con <a href=\"https://www.facebook.com/tenderetebigotes/\" target=\"_blank\">El tenderete de bigotes callejeros</a> para recaudar fondos y seguir rescatando gatos abandonados de Zaragoza.</p>", "link": "https://www.facebook.com/events/1281107708708095/", "provincia": "50", "created": "2019-05-24T16:35:43.725Z", "updated": "2019-05-24T16:35:43.725Z"}}, {"model": "servicios.servicio", "pk": 1, "fields": {"usuario": 8, "nombre": "Adala Zaragoza", "tiposervicio": 2, "foto": "servicios/Adala.jpg", "descripcion": "<p>PROTECTORA DE ANIMALES<br />\r\n&quot;AMOR Y DEFENSA A LOS ANIMALES&quot;<br />\r\n&quot;NO COMPRES, ADOPTA&quot;<br />\r\n\ud83d\udce7:adalazaragoza@gmail.com<br />\r\nTwitter: <a class=\"notranslate\" href=\"https://www.instagram.com/adala_zaragoza/\">@adala_zaragoza</a><br />\r\nFacebook: <a class=\"yLUwa\" href=\"https://www.facebook.com/adalazaragoza\" rel=\"me nofollow noopener noreferrer\" target=\"_blank\">www.facebook.com/adalazaragoza</a></p>", "link": "http://www.facebook.com/adalazaragoza", "provincia": "50", "created": "2019-05-18T18:54:44.828Z", "updated": "2019-05-18T19:13:06.508Z"}}, {"model": "servicios.servicio", "pk": 2, "fields": {"usuario": 1, "nombre": "GuauQuePelos", "tiposervicio": 4, "foto": "servicios/GuauQuePelos.png", "descripcion": "<h1>Guau,Qu&eacute; Pelos! By SoniaLuengo</h1>\r\n\r\n<p><br />\r\nSonia Luengo, peluquera de personas por obligaci&oacute;n, amante de los animales x convicci&oacute;n Peluquera Canina en conclusi&oacute;n \ud83d\udc9c\ud83d\udc36 Miembro <a href=\"https://www.instagram.com/explore/tags/arterocreativeteam/\">#ArteroCreativeTeam</a> <a class=\"yLUwa\" href=\"https://guauquepelos.com\" rel=\"me nofollow noopener noreferrer\" target=\"_blank\">guauquepelos.com</a></p>", "link": "http://www.guauquepelos.com", "provincia": "50", "created": "2019-05-19T09:02:31.958Z", "updated": "2019-05-19T09:02:31.958Z"}}, {"model": "servicios.servicio", "pk": 3, "fields": {"usuario": 1, "nombre": "Cl\u00ednica Ruise\u00f1ores", "tiposervicio": 3, "foto": "servicios/LOGO_veterinariaruisenores.jpg", "descripcion": "<p>Tu mascota merece los mejores profesionales.<br />\r\nCl&iacute;nica Ruise&ntilde;ores los tiene.<br />\r\nY a precios razonables.<br />\r\nCl&iacute;nica Ruise&ntilde;ores, desde 1984<br />\r\nuna referencia en Zaragoza en cuidados veterinarios.</p>\r\n\r\n<div>\r\n<div>\r\n<p><strong>Tel&eacute;fono:</strong><br />\r\n976373248</p>\r\n\r\n<p><strong>email:</strong><br />\r\ninfo@ruise&ntilde;ores.es</p>\r\n\r\n<p><strong>Direcci&oacute;n</strong><br />\r\n<a href=\"https://goo.gl/maps/ttWz9uidqDH2\">Calle Doctor Alcay 11 bajo</a><br />\r\n50.006 Zaragoza<em> (clic para abrir GoogleMaps)</em></p>\r\n\r\n<p><strong>Horario</strong><br />\r\nLunes a viernes: 9:00 a 13:00 y 15:00 a 19:00</p>\r\n</div>\r\n</div>", "link": "https://www.ruise\u00f1ores.es/", "provincia": "50", "created": "2019-05-19T09:10:31.390Z", "updated": "2019-05-19T09:13:42.087Z"}}, {"model": "servicios.servicio", "pk": 4, "fields": {"usuario": 9, "nombre": "CanGatos", "tiposervicio": 2, "foto": "servicios/cangatos.png", "descripcion": "<h3>Los objetivos de CANGATOS son los que se recogen en &nbsp;sus Estatutos</h3>\r\n\r\n<p>El problema de los animales abandonados y maltratados&nbsp;<strong>es competencia de los municipios</strong>, que han de cumplir y hacer cumplir las leyes vigentes y la&nbsp;ASOCIACI&Oacute;N&nbsp;va a velar para que asuman esas competencias, colaborando con ellos o denunciando en los casos de incumplimiento.</p>\r\n\r\n<p>Los malos tratos y abandonos de los animales son contrarios a la ley y sus autores&nbsp;<strong>deben</strong>&nbsp;ser sancionados, por lo que la&nbsp;ASOCIACI&Oacute;N&nbsp;realizar&aacute; acciones legales para tratar de atajar estos temas con la colaboraci&oacute;n de todas las personas que quieran presentar denuncias.</p>\r\n\r\n<p>Los nacimientos no deseados provocan exceso de animales y su consiguiente abandono, por lo que la&nbsp;ASOCIACI&Oacute;N&nbsp;recomienda la mayor&iacute;a de los casos la esterilizaci&oacute;n. La&nbsp;ASOCIACI&Oacute;N&nbsp;llevar&aacute; a cabo campa&ntilde;as informativas para dar a conocer los diversos tipos de esterilizaci&oacute;n y sus ventajas.</p>\r\n\r\n<p>La&nbsp;ASOCIACI&Oacute;N&nbsp;tiene un Refugio propio para animales abandonados.</p>\r\n\r\n<p>La pol&iacute;tica en cuanto al funcionamiento de este Refugio se recoge en los siguientes puntos:</p>\r\n\r\n<p>&gt;&gt; S&oacute;lo se recoger&iacute;an animales&nbsp;<strong>sin due&ntilde;o</strong>.</p>\r\n\r\n<p>&gt;&gt; Los animales con due&ntilde;o&nbsp;<strong>no ser&iacute;an admitidos</strong>, si bien se ofrecer&iacute;a un servicio de ofertas y demandas para su adopci&oacute;n.</p>\r\n\r\n<p>&gt;&gt; La&nbsp;ASOCIACI&Oacute;N&nbsp;se declara&nbsp;<strong>contraria a los sacrificios</strong>&nbsp;aunque el animal tenga alguna deficiencia o minusval&iacute;a f&iacute;sica.</p>\r\n\r\n<p>&gt;&gt; La eutanasia a los animales que se encontraran en dicho Centro se aplicar&iacute;a s&oacute;lo en los siguientes casos:</p>\r\n\r\n<p>- Animales que padezcan enfermedades incurables o irreversibles, en fase terminal, o que no tengan posibilidades de sobrevivir en el Refugio, seg&uacute;n criterios estrictamente veterinarios.</p>\r\n\r\n<p>- Animales extremadamente agresivos con sus cong&eacute;neres o con las personas, si no respondieran a los tratamientos o sistemas que mejoraran su comportamiento, por el peligro que supondr&iacute;a su permanencia en las instalaciones de la&nbsp;ASOCIACI&Oacute;N.</p>\r\n\r\n<p>- Se fomenta la adopci&oacute;n de los animales que se mantuvieran acogidos en sus instalaciones. La&nbsp;ASOCIACI&Oacute;N&nbsp;realizar&iacute;a un seguimiento de la adaptaci&oacute;n de estos animales adoptados, as&iacute; como del cuidado y atenciones que estos recibieran posteriormente por parte de sus nuevos due&ntilde;os.</p>\r\n\r\n<p>Cualquier persona puede colaborar con la&nbsp;ASOCIACI&Oacute;N&nbsp;integr&aacute;ndose en los distintos grupos de trabajo que est&aacute;n en marcha o participando en las tareas que se realizaran en el Refugio.</p>\r\n\r\n<p>La&nbsp;ASOCIACI&Oacute;N&nbsp;est&aacute; abierta a la colaboraci&oacute;n con las instituciones y con los grupos y asociaciones afines para realizar programas conjuntos que tengan como finalidad la mejora de las condiciones de vida de los animales.</p>\r\n\r\n<p>La&nbsp;ASOCIACI&Oacute;N&nbsp;quiere recordar que es privada, que los socios, directivos y colaboradores&nbsp;<strong>trabajan con total altruismo</strong>&nbsp;y que tienen&nbsp;<strong>la intenci&oacute;n</strong>, pero&nbsp;<strong>NO la obligaci&oacute;n</strong>, de solucionar los problemas relacionados con los animales.</p>", "link": "http://cangatos.org/", "provincia": "50", "created": "2019-05-20T13:27:19.258Z", "updated": "2019-05-20T13:27:19.258Z"}}, {"model": "servicios.servicio", "pk": 5, "fields": {"usuario": 6, "nombre": "Centro Veterinario Zaragoza", "tiposervicio": 3, "foto": "servicios/veterinariozgz.png", "descripcion": "<div>\r\n<div>\r\n<div>\r\n<div>\r\n<div>\r\n<h3>&iquest;Qu&eacute; hacemos?</h3>\r\n\r\n<p>Somos un equipo de profesionales que trabajamos d&iacute;a a d&iacute;a para mantener la salud y el bienestar de su mascota, con los medios m&aacute;s avanzados y en constante formaci&oacute;n, atendi&eacute;ndolos las 24 horas del d&iacute;a para su mayor tranquilidad.</p>\r\n</div>\r\n</div>\r\n</div>\r\n</div>\r\n</div>", "link": "https://ccvzaragoza.es/", "provincia": "50", "created": "2019-05-24T16:40:57.565Z", "updated": "2019-05-24T16:40:57.565Z"}}, {"model": "noticias.noticia", "pk": 1, "fields": {"usuario": 1, "nombre": "Prueba de una noticia con titulo largo aunque debo escribir algo mas largo para probarlo", "tiponoticia": 2, "foto": "noticias/WhatsApp_Image_2019-02-18_at_19.38.10.jpeg", "fechaNoticia": "2019-05-26", "descripcion": "Probando una noticia.\r\nOtra linea de la noticia.", "link": "http://www.elmundo.es", "provincia": "50", "created": "2019-05-25T20:07:11.731Z", "updated": "2019-05-25T20:20:47.124Z"}}, {"model": "messenger.message", "pk": 1, "fields": {"user": 1, "content": "Hola buenos dias!", "created": "2019-04-06T18:57:00.878Z"}}, {"model": "messenger.message", "pk": 3, "fields": {"user": 1, "content": "Gracias cari\u00f1o", "created": "2019-04-06T18:58:13.366Z"}}, {"model": "messenger.message", "pk": 5, "fields": {"user": 1, "content": "Yo tb te quiero", "created": "2019-04-08T11:04:38.374Z"}}, {"model": "messenger.message", "pk": 6, "fields": {"user": 1, "content": "hola", "created": "2019-04-08T11:24:11.640Z"}}, {"model": "messenger.message", "pk": 7, "fields": {"user": 1, "content": "hola", "created": "2019-04-08T11:30:07.458Z"}}, {"model": "messenger.message", "pk": 8, "fields": {"user": 1, "content": "si", "created": "2019-04-08T11:30:39.122Z"}}, {"model": "messenger.message", "pk": 9, "fields": {"user": 1, "content": "hola de nuevo", "created": "2019-04-08T12:10:24.139Z"}}, {"model": "messenger.message", "pk": 10, "fields": {"user": 1, "content": "otro mas", "created": "2019-04-08T12:23:38.278Z"}}, {"model": "messenger.message", "pk": 11, "fields": {"user": 1, "content": "arggg", "created": "2019-04-08T12:30:22.625Z"}}, {"model": "messenger.message", "pk": 12, "fields": {"user": 1, "content": "Probando", "created": "2019-04-08T18:52:19.107Z"}}, {"model": "messenger.message", "pk": 13, "fields": {"user": 1, "content": "Probando mas", "created": "2019-04-08T18:53:19.340Z"}}, {"model": "messenger.message", "pk": 14, "fields": {"user": 1, "content": "Otro mas", "created": "2019-04-30T18:14:41.668Z"}}, {"model": "messenger.thread", "pk": 1, "fields": {"updated": "2019-04-08T12:30:22.881Z", "users": [1], "messages": [1, 3, 5, 6, 7, 8, 9, 10, 11]}}, {"model": "messenger.thread", "pk": 2, "fields": {"updated": "2019-04-30T18:14:41.778Z", "users": [1], "messages": [12, 13, 14]}}, {"model": "messenger.thread", "pk": 3, "fields": {"updated": "2019-04-21T17:44:41.718Z", "users": [1, 6], "messages": []}}, {"model": "admin.logentry", "pk": 1, "fields": {"action_time": "2019-03-28T09:48:35.044Z", "user": 1, "content_type": 7, "object_id": "1", "object_repr": "Pagina 1", "action_flag": 1, "change_message": "[{\"added\": {}}]"}}, {"model": "admin.logentry", "pk": 2, "fields": {"action_time": "2019-03-28T09:48:50.005Z", "user": 1, "content_type": 7, "object_id": "2", "object_repr": "Pagina 2", "action_flag": 1, "change_message": "[{\"added\": {}}]"}}, {"model": "admin.logentry", "pk": 3, "fields": {"action_time": "2019-03-28T13:48:42.423Z", "user": 1, "content_type": 4, "object_id": "2", "object_repr": "montse", "action_flag": 1, "change_message": "[{\"added\": {}}]"}}, {"model": "admin.logentry", "pk": 4, "fields": {"action_time": "2019-03-28T13:49:02.734Z", "user": 1, "content_type": 4, "object_id": "2", "object_repr": "montse", "action_flag": 2, "change_message": "[]"}}, {"model": "admin.logentry", "pk": 5, "fields": {"action_time": "2019-03-28T13:50:30.476Z", "user": 1, "content_type": 4, "object_id": "2", "object_repr": "montse", "action_flag": 2, "change_message": "[{\"changed\": {\"fields\": [\"password\"]}}]"}}, {"model": "admin.logentry", "pk": 6, "fields": {"action_time": "2019-03-28T13:51:34.809Z", "user": 1, "content_type": 4, "object_id": "2", "object_repr": "montse", "action_flag": 2, "change_message": "[{\"changed\": {\"fields\": [\"password\"]}}]"}}, {"model": "admin.logentry", "pk": 7, "fields": {"action_time": "2019-03-28T13:51:45.460Z", "user": 1, "content_type": 4, "object_id": "2", "object_repr": "montse", "action_flag": 2, "change_message": "[]"}}, {"model": "admin.logentry", "pk": 8, "fields": {"action_time": "2019-03-28T13:52:56.143Z", "user": 1, "content_type": 4, "object_id": "3", "object_repr": "martin", "action_flag": 1, "change_message": "[{\"added\": {}}]"}}, {"model": "admin.logentry", "pk": 9, "fields": {"action_time": "2019-03-28T13:53:36.188Z", "user": 1, "content_type": 4, "object_id": "3", "object_repr": "martin", "action_flag": 2, "change_message": "[{\"changed\": {\"fields\": [\"first_name\", \"email\"]}}]"}}, {"model": "admin.logentry", "pk": 10, "fields": {"action_time": "2019-04-23T11:28:06.793Z", "user": 1, "content_type": 4, "object_id": "3", "object_repr": "martin", "action_flag": 3, "change_message": ""}}, {"model": "admin.logentry", "pk": 11, "fields": {"action_time": "2019-04-23T11:28:06.884Z", "user": 1, "content_type": 4, "object_id": "2", "object_repr": "montse", "action_flag": 3, "change_message": ""}}, {"model": "admin.logentry", "pk": 12, "fields": {"action_time": "2019-04-23T11:29:39.664Z", "user": 1, "content_type": 11, "object_id": "1", "object_repr": "Brenda (javier) - (20012)", "action_flag": 1, "change_message": "[{\"added\": {}}]"}}, {"model": "admin.logentry", "pk": 13, "fields": {"action_time": "2019-04-23T12:19:41.749Z", "user": 1, "content_type": 11, "object_id": "2", "object_repr": "ABBA (javier) - (2006)", "action_flag": 1, "change_message": "[{\"added\": {}}]"}}, {"model": "admin.logentry", "pk": 14, "fields": {"action_time": "2019-04-23T12:26:40.143Z", "user": 1, "content_type": 11, "object_id": "3", "object_repr": "Amy (Montse) - (2000)", "action_flag": 1, "change_message": "[{\"added\": {}}]"}}, {"model": "admin.logentry", "pk": 15, "fields": {"action_time": "2019-04-23T12:27:00.338Z", "user": 1, "content_type": 11, "object_id": "2", "object_repr": "ABBA (javier) - (2006)", "action_flag": 2, "change_message": "[{\"changed\": {\"fields\": [\"foto\"]}}]"}}, {"model": "admin.logentry", "pk": 16, "fields": {"action_time": "2019-04-23T12:27:09.529Z", "user": 1, "content_type": 11, "object_id": "1", "object_repr": "Brenda (javier) - (2012)", "action_flag": 2, "change_message": "[{\"changed\": {\"fields\": [\"foto\"]}}]"}}, {"model": "admin.logentry", "pk": 17, "fields": {"action_time": "2019-04-23T12:28:19.312Z", "user": 1, "content_type": 11, "object_id": "4", "object_repr": "Dober (Montse) - (2014)", "action_flag": 1, "change_message": "[{\"added\": {}}]"}}, {"model": "admin.logentry", "pk": 18, "fields": {"action_time": "2019-04-23T17:36:16.607Z", "user": 1, "content_type": 11, "object_id": "5", "object_repr": "Otro (javier) - (2018)", "action_flag": 1, "change_message": "[{\"added\": {}}]"}}, {"model": "admin.logentry", "pk": 19, "fields": {"action_time": "2019-04-30T19:44:36.228Z", "user": 1, "content_type": 11, "object_id": "1", "object_repr": "Brenda (javier) - (2012)", "action_flag": 2, "change_message": "[{\"changed\": {\"fields\": [\"foto\"]}}]"}}, {"model": "admin.logentry", "pk": 20, "fields": {"action_time": "2019-05-02T18:56:44.485Z", "user": 1, "content_type": 11, "object_id": "6", "object_repr": "qq (javier) - (2000)", "action_flag": 2, "change_message": "[{\"changed\": {\"fields\": [\"foto\"]}}]"}}, {"model": "admin.logentry", "pk": 21, "fields": {"action_time": "2019-05-02T19:25:36.233Z", "user": 1, "content_type": 11, "object_id": "10", "object_repr": "eee (javier) - (2000)", "action_flag": 3, "change_message": ""}}, {"model": "admin.logentry", "pk": 22, "fields": {"action_time": "2019-05-02T19:25:36.303Z", "user": 1, "content_type": 11, "object_id": "9", "object_repr": "eee (javier) - (2000)", "action_flag": 3, "change_message": ""}}, {"model": "admin.logentry", "pk": 23, "fields": {"action_time": "2019-05-02T19:25:36.361Z", "user": 1, "content_type": 11, "object_id": "8", "object_repr": "www (javier) - (2000)", "action_flag": 3, "change_message": ""}}, {"model": "admin.logentry", "pk": 24, "fields": {"action_time": "2019-05-02T19:25:36.428Z", "user": 1, "content_type": 11, "object_id": "7", "object_repr": "qq (javier) - (2000)", "action_flag": 3, "change_message": ""}}, {"model": "admin.logentry", "pk": 25, "fields": {"action_time": "2019-05-02T19:26:11.897Z", "user": 1, "content_type": 11, "object_id": "11", "object_repr": "q (javier) - (2000)", "action_flag": 1, "change_message": "[{\"added\": {}}]"}}, {"model": "admin.logentry", "pk": 26, "fields": {"action_time": "2019-05-02T19:40:18.842Z", "user": 1, "content_type": 11, "object_id": "11", "object_repr": "q (javier) - (2000)", "action_flag": 3, "change_message": ""}}, {"model": "admin.logentry", "pk": 27, "fields": {"action_time": "2019-05-02T19:40:35.620Z", "user": 1, "content_type": 11, "object_id": "5", "object_repr": "Otro (javier) - (2019)", "action_flag": 2, "change_message": "[{\"changed\": {\"fields\": [\"foto\"]}}]"}}, {"model": "admin.logentry", "pk": 28, "fields": {"action_time": "2019-05-02T19:40:48.706Z", "user": 1, "content_type": 11, "object_id": "5", "object_repr": "Otro (javier) - (2019)", "action_flag": 2, "change_message": "[{\"changed\": {\"fields\": [\"foto\"]}}]"}}, {"model": "admin.logentry", "pk": 29, "fields": {"action_time": "2019-05-02T19:41:14.354Z", "user": 1, "content_type": 11, "object_id": "5", "object_repr": "Otro (javier) - (2019)", "action_flag": 2, "change_message": "[{\"changed\": {\"fields\": [\"foto\"]}}]"}}, {"model": "admin.logentry", "pk": 30, "fields": {"action_time": "2019-05-02T19:54:01.975Z", "user": 1, "content_type": 11, "object_id": "5", "object_repr": "Otro (javier) - (2019)", "action_flag": 2, "change_message": "[{\"changed\": {\"fields\": [\"foto2\"]}}]"}}, {"model": "admin.logentry", "pk": 31, "fields": {"action_time": "2019-05-18T10:53:44.461Z", "user": 1, "content_type": 14, "object_id": "01", "object_repr": "Alava", "action_flag": 1, "change_message": "[{\"added\": {}}]"}}, {"model": "admin.logentry", "pk": 32, "fields": {"action_time": "2019-05-18T10:53:52.730Z", "user": 1, "content_type": 14, "object_id": "50", "object_repr": "Zaragoza", "action_flag": 1, "change_message": "[{\"added\": {}}]"}}, {"model": "admin.logentry", "pk": 33, "fields": {"action_time": "2019-05-18T11:13:29.308Z", "user": 1, "content_type": 11, "object_id": "2", "object_repr": "ABBA (javier) - (2006)", "action_flag": 2, "change_message": "[{\"changed\": {\"fields\": [\"provincia\"]}}]"}}, {"model": "admin.logentry", "pk": 34, "fields": {"action_time": "2019-05-18T12:25:38.150Z", "user": 1, "content_type": 14, "object_id": "02", "object_repr": "Albacete", "action_flag": 1, "change_message": "[{\"added\": {}}]"}}, {"model": "admin.logentry", "pk": 35, "fields": {"action_time": "2019-05-18T12:25:46.569Z", "user": 1, "content_type": 14, "object_id": "03", "object_repr": "Alicante", "action_flag": 1, "change_message": "[{\"added\": {}}]"}}, {"model": "admin.logentry", "pk": 36, "fields": {"action_time": "2019-05-18T12:25:55.423Z", "user": 1, "content_type": 14, "object_id": "04", "object_repr": "Almer\u00eda", "action_flag": 1, "change_message": "[{\"added\": {}}]"}}, {"model": "admin.logentry", "pk": 37, "fields": {"action_time": "2019-05-18T12:26:05.606Z", "user": 1, "content_type": 14, "object_id": "05", "object_repr": "Avila", "action_flag": 1, "change_message": "[{\"added\": {}}]"}}, {"model": "admin.logentry", "pk": 38, "fields": {"action_time": "2019-05-18T12:26:16.698Z", "user": 1, "content_type": 14, "object_id": "06", "object_repr": "Badajoz", "action_flag": 1, "change_message": "[{\"added\": {}}]"}}, {"model": "admin.logentry", "pk": 39, "fields": {"action_time": "2019-05-18T12:26:30.837Z", "user": 1, "content_type": 14, "object_id": "07", "object_repr": "Islas Baleares", "action_flag": 1, "change_message": "[{\"added\": {}}]"}}, {"model": "admin.logentry", "pk": 40, "fields": {"action_time": "2019-05-18T12:26:48.766Z", "user": 1, "content_type": 14, "object_id": "08", "object_repr": "Barcelona", "action_flag": 1, "change_message": "[{\"added\": {}}]"}}, {"model": "admin.logentry", "pk": 41, "fields": {"action_time": "2019-05-18T12:26:56.629Z", "user": 1, "content_type": 14, "object_id": "09", "object_repr": "Burgos", "action_flag": 1, "change_message": "[{\"added\": {}}]"}}, {"model": "admin.logentry", "pk": 42, "fields": {"action_time": "2019-05-18T12:27:34.796Z", "user": 1, "content_type": 14, "object_id": "10", "object_repr": "C\u00e1ceres", "action_flag": 1, "change_message": "[{\"added\": {}}]"}}, {"model": "admin.logentry", "pk": 43, "fields": {"action_time": "2019-05-18T12:27:48.653Z", "user": 1, "content_type": 14, "object_id": "11", "object_repr": "C\u00e1diz", "action_flag": 1, "change_message": "[{\"added\": {}}]"}}, {"model": "admin.logentry", "pk": 44, "fields": {"action_time": "2019-05-18T12:27:55.105Z", "user": 1, "content_type": 14, "object_id": "12", "object_repr": "Castell\u00f3n", "action_flag": 1, "change_message": "[{\"added\": {}}]"}}, {"model": "admin.logentry", "pk": 45, "fields": {"action_time": "2019-05-18T12:28:02.879Z", "user": 1, "content_type": 14, "object_id": "13", "object_repr": "Ciudad Real", "action_flag": 1, "change_message": "[{\"added\": {}}]"}}, {"model": "admin.logentry", "pk": 46, "fields": {"action_time": "2019-05-18T12:28:11.255Z", "user": 1, "content_type": 14, "object_id": "14", "object_repr": "C\u00f3rdoba", "action_flag": 1, "change_message": "[{\"added\": {}}]"}}, {"model": "admin.logentry", "pk": 47, "fields": {"action_time": "2019-05-18T12:28:35.503Z", "user": 1, "content_type": 14, "object_id": "15", "object_repr": "A Coru\u00f1a", "action_flag": 1, "change_message": "[{\"added\": {}}]"}}, {"model": "admin.logentry", "pk": 48, "fields": {"action_time": "2019-05-18T12:28:42.134Z", "user": 1, "content_type": 14, "object_id": "16", "object_repr": "Cuenca", "action_flag": 1, "change_message": "[{\"added\": {}}]"}}, {"model": "admin.logentry", "pk": 49, "fields": {"action_time": "2019-05-18T12:28:49.914Z", "user": 1, "content_type": 14, "object_id": "17", "object_repr": "Girona", "action_flag": 1, "change_message": "[{\"added\": {}}]"}}, {"model": "admin.logentry", "pk": 50, "fields": {"action_time": "2019-05-18T12:29:00.384Z", "user": 1, "content_type": 14, "object_id": "18", "object_repr": "Granada", "action_flag": 1, "change_message": "[{\"added\": {}}]"}}, {"model": "admin.logentry", "pk": 51, "fields": {"action_time": "2019-05-18T12:29:07.633Z", "user": 1, "content_type": 14, "object_id": "19", "object_repr": "Guadalajara", "action_flag": 1, "change_message": "[{\"added\": {}}]"}}, {"model": "admin.logentry", "pk": 52, "fields": {"action_time": "2019-05-18T12:29:21.150Z", "user": 1, "content_type": 14, "object_id": "20", "object_repr": "Gipuzkoa", "action_flag": 1, "change_message": "[{\"added\": {}}]"}}, {"model": "admin.logentry", "pk": 53, "fields": {"action_time": "2019-05-18T12:29:27.679Z", "user": 1, "content_type": 14, "object_id": "21", "object_repr": "Huelva", "action_flag": 1, "change_message": "[{\"added\": {}}]"}}, {"model": "admin.logentry", "pk": 54, "fields": {"action_time": "2019-05-18T12:29:33.870Z", "user": 1, "content_type": 14, "object_id": "22", "object_repr": "Huesca", "action_flag": 1, "change_message": "[{\"added\": {}}]"}}, {"model": "admin.logentry", "pk": 55, "fields": {"action_time": "2019-05-18T12:30:02.213Z", "user": 1, "content_type": 14, "object_id": "23", "object_repr": "Ja\u00e9n", "action_flag": 1, "change_message": "[{\"added\": {}}]"}}, {"model": "admin.logentry", "pk": 56, "fields": {"action_time": "2019-05-18T12:30:08.030Z", "user": 1, "content_type": 14, "object_id": "24", "object_repr": "Le\u00f3n", "action_flag": 1, "change_message": "[{\"added\": {}}]"}}, {"model": "admin.logentry", "pk": 57, "fields": {"action_time": "2019-05-18T12:30:15.663Z", "user": 1, "content_type": 14, "object_id": "25", "object_repr": "Lleida", "action_flag": 1, "change_message": "[{\"added\": {}}]"}}, {"model": "admin.logentry", "pk": 58, "fields": {"action_time": "2019-05-18T12:30:52.514Z", "user": 1, "content_type": 14, "object_id": "26", "object_repr": "La Rioja", "action_flag": 1, "change_message": "[{\"added\": {}}]"}}, {"model": "admin.logentry", "pk": 59, "fields": {"action_time": "2019-05-18T12:31:03.142Z", "user": 1, "content_type": 14, "object_id": "27", "object_repr": "Lugo", "action_flag": 1, "change_message": "[{\"added\": {}}]"}}, {"model": "admin.logentry", "pk": 60, "fields": {"action_time": "2019-05-18T12:31:09.687Z", "user": 1, "content_type": 14, "object_id": "28", "object_repr": "Madrid", "action_flag": 1, "change_message": "[{\"added\": {}}]"}}, {"model": "admin.logentry", "pk": 61, "fields": {"action_time": "2019-05-18T12:31:14.318Z", "user": 1, "content_type": 14, "object_id": "29", "object_repr": "M\u00e1laga", "action_flag": 1, "change_message": "[{\"added\": {}}]"}}, {"model": "admin.logentry", "pk": 62, "fields": {"action_time": "2019-05-18T12:31:21.007Z", "user": 1, "content_type": 14, "object_id": "30", "object_repr": "Murcia", "action_flag": 1, "change_message": "[{\"added\": {}}]"}}, {"model": "admin.logentry", "pk": 63, "fields": {"action_time": "2019-05-18T12:31:27.037Z", "user": 1, "content_type": 14, "object_id": "31", "object_repr": "Navarra", "action_flag": 1, "change_message": "[{\"added\": {}}]"}}, {"model": "admin.logentry", "pk": 64, "fields": {"action_time": "2019-05-18T12:31:34.329Z", "user": 1, "content_type": 14, "object_id": "32", "object_repr": "Ourense", "action_flag": 1, "change_message": "[{\"added\": {}}]"}}, {"model": "admin.logentry", "pk": 65, "fields": {"action_time": "2019-05-18T12:31:44.584Z", "user": 1, "content_type": 14, "object_id": "33", "object_repr": "Asturias", "action_flag": 1, "change_message": "[{\"added\": {}}]"}}, {"model": "admin.logentry", "pk": 66, "fields": {"action_time": "2019-05-18T12:31:51.870Z", "user": 1, "content_type": 14, "object_id": "34", "object_repr": "Palencia", "action_flag": 1, "change_message": "[{\"added\": {}}]"}}, {"model": "admin.logentry", "pk": 67, "fields": {"action_time": "2019-05-18T12:32:00.433Z", "user": 1, "content_type": 14, "object_id": "35", "object_repr": "Las Palmas", "action_flag": 1, "change_message": "[{\"added\": {}}]"}}, {"model": "admin.logentry", "pk": 68, "fields": {"action_time": "2019-05-18T12:32:07.874Z", "user": 1, "content_type": 14, "object_id": "36", "object_repr": "Pontevedra", "action_flag": 1, "change_message": "[{\"added\": {}}]"}}, {"model": "admin.logentry", "pk": 69, "fields": {"action_time": "2019-05-18T12:32:15.672Z", "user": 1, "content_type": 14, "object_id": "37", "object_repr": "Salamanca", "action_flag": 1, "change_message": "[{\"added\": {}}]"}}, {"model": "admin.logentry", "pk": 70, "fields": {"action_time": "2019-05-18T12:32:30.488Z", "user": 1, "content_type": 14, "object_id": "38", "object_repr": "Santa Cruz de Tenerife", "action_flag": 1, "change_message": "[{\"added\": {}}]"}}, {"model": "admin.logentry", "pk": 71, "fields": {"action_time": "2019-05-18T12:33:13.586Z", "user": 1, "content_type": 14, "object_id": "39", "object_repr": "Cantabria", "action_flag": 1, "change_message": "[{\"added\": {}}]"}}, {"model": "admin.logentry", "pk": 72, "fields": {"action_time": "2019-05-18T12:33:22.182Z", "user": 1, "content_type": 14, "object_id": "40", "object_repr": "Segovia", "action_flag": 1, "change_message": "[{\"added\": {}}]"}}, {"model": "admin.logentry", "pk": 73, "fields": {"action_time": "2019-05-18T12:33:29.462Z", "user": 1, "content_type": 14, "object_id": "41", "object_repr": "Sevilla", "action_flag": 1, "change_message": "[{\"added\": {}}]"}}, {"model": "admin.logentry", "pk": 74, "fields": {"action_time": "2019-05-18T12:33:35.198Z", "user": 1, "content_type": 14, "object_id": "42", "object_repr": "Soria", "action_flag": 1, "change_message": "[{\"added\": {}}]"}}, {"model": "admin.logentry", "pk": 75, "fields": {"action_time": "2019-05-18T12:33:41.104Z", "user": 1, "content_type": 14, "object_id": "43", "object_repr": "Tarragona", "action_flag": 1, "change_message": "[{\"added\": {}}]"}}, {"model": "admin.logentry", "pk": 76, "fields": {"action_time": "2019-05-18T12:33:46.496Z", "user": 1, "content_type": 14, "object_id": "44", "object_repr": "Teruel", "action_flag": 1, "change_message": "[{\"added\": {}}]"}}, {"model": "admin.logentry", "pk": 77, "fields": {"action_time": "2019-05-18T12:33:54.924Z", "user": 1, "content_type": 14, "object_id": "45", "object_repr": "Toledo", "action_flag": 1, "change_message": "[{\"added\": {}}]"}}, {"model": "admin.logentry", "pk": 78, "fields": {"action_time": "2019-05-18T12:34:01.992Z", "user": 1, "content_type": 14, "object_id": "46", "object_repr": "Valencia", "action_flag": 1, "change_message": "[{\"added\": {}}]"}}, {"model": "admin.logentry", "pk": 79, "fields": {"action_time": "2019-05-18T12:34:11.064Z", "user": 1, "content_type": 14, "object_id": "47", "object_repr": "Valladolid", "action_flag": 1, "change_message": "[{\"added\": {}}]"}}, {"model": "admin.logentry", "pk": 80, "fields": {"action_time": "2019-05-18T12:34:34.993Z", "user": 1, "content_type": 14, "object_id": "48", "object_repr": "Bizkaia", "action_flag": 1, "change_message": "[{\"added\": {}}]"}}, {"model": "admin.logentry", "pk": 81, "fields": {"action_time": "2019-05-18T12:34:42.778Z", "user": 1, "content_type": 14, "object_id": "49", "object_repr": "Zamora", "action_flag": 1, "change_message": "[{\"added\": {}}]"}}, {"model": "admin.logentry", "pk": 82, "fields": {"action_time": "2019-05-18T12:34:48.440Z", "user": 1, "content_type": 14, "object_id": "51", "object_repr": "Ceuta", "action_flag": 1, "change_message": "[{\"added\": {}}]"}}, {"model": "admin.logentry", "pk": 83, "fields": {"action_time": "2019-05-18T12:34:53.820Z", "user": 1, "content_type": 14, "object_id": "52", "object_repr": "Melilla", "action_flag": 1, "change_message": "[{\"added\": {}}]"}}, {"model": "admin.logentry", "pk": 84, "fields": {"action_time": "2019-05-18T12:35:54.895Z", "user": 1, "content_type": 14, "object_id": "38", "object_repr": "Sta Cruz de Tenerife", "action_flag": 2, "change_message": "[{\"changed\": {\"fields\": [\"nombre\"]}}]"}}, {"model": "admin.logentry", "pk": 85, "fields": {"action_time": "2019-05-18T17:21:18.808Z", "user": 1, "content_type": 12, "object_id": "3", "object_repr": "Cheese & Drinks (Montse) - (2019-06-01)", "action_flag": 1, "change_message": "[{\"added\": {}}]"}}, {"model": "admin.logentry", "pk": 86, "fields": {"action_time": "2019-05-18T17:24:23.926Z", "user": 1, "content_type": 12, "object_id": "3", "object_repr": "Cheese & Drinks (Montse) - (2019-06-01)", "action_flag": 2, "change_message": "[]"}}, {"model": "admin.logentry", "pk": 87, "fields": {"action_time": "2019-05-18T17:25:18.118Z", "user": 1, "content_type": 12, "object_id": "4", "object_repr": "Mesa informativa Adala (Montse) - (2019-06-08)", "action_flag": 1, "change_message": "[{\"added\": {}}]"}}, {"model": "admin.logentry", "pk": 88, "fields": {"action_time": "2019-05-18T17:32:10.049Z", "user": 1, "content_type": 4, "object_id": "5", "object_repr": "Javier2", "action_flag": 3, "change_message": ""}}, {"model": "admin.logentry", "pk": 89, "fields": {"action_time": "2019-05-18T17:32:10.286Z", "user": 1, "content_type": 4, "object_id": "4", "object_repr": "javier2", "action_flag": 3, "change_message": ""}}, {"model": "admin.logentry", "pk": 90, "fields": {"action_time": "2019-05-18T17:32:10.469Z", "user": 1, "content_type": 4, "object_id": "7", "object_repr": "q", "action_flag": 3, "change_message": ""}}, {"model": "admin.logentry", "pk": 91, "fields": {"action_time": "2019-05-18T17:32:31.897Z", "user": 1, "content_type": 4, "object_id": "8", "object_repr": "Adala", "action_flag": 1, "change_message": "[{\"added\": {}}]"}}, {"model": "admin.logentry", "pk": 92, "fields": {"action_time": "2019-05-18T17:32:46.628Z", "user": 1, "content_type": 4, "object_id": "9", "object_repr": "CanGatos", "action_flag": 1, "change_message": "[{\"added\": {}}]"}}, {"model": "admin.logentry", "pk": 93, "fields": {"action_time": "2019-05-18T17:33:52.143Z", "user": 1, "content_type": 12, "object_id": "2", "object_repr": "Vermut solidario CanGatos (CanGatos) - (2019-07-03)", "action_flag": 2, "change_message": "[{\"changed\": {\"fields\": [\"usuario\", \"provincia\"]}}]"}}, {"model": "admin.logentry", "pk": 94, "fields": {"action_time": "2019-05-18T17:34:02.257Z", "user": 1, "content_type": 12, "object_id": "4", "object_repr": "Mesa informativa Adala (Adala) - (2019-06-08)", "action_flag": 2, "change_message": "[{\"changed\": {\"fields\": [\"usuario\"]}}]"}}, {"model": "admin.logentry", "pk": 95, "fields": {"action_time": "2019-05-18T17:34:09.894Z", "user": 1, "content_type": 12, "object_id": "3", "object_repr": "Cheese & Drinks (Adala) - (2019-06-01)", "action_flag": 2, "change_message": "[{\"changed\": {\"fields\": [\"usuario\"]}}]"}}, {"model": "admin.logentry", "pk": 96, "fields": {"action_time": "2019-05-18T17:45:36.541Z", "user": 1, "content_type": 15, "object_id": "1", "object_repr": "Sin determinar", "action_flag": 1, "change_message": "[{\"added\": {}}]"}}, {"model": "admin.logentry", "pk": 97, "fields": {"action_time": "2019-05-18T17:45:44.899Z", "user": 1, "content_type": 15, "object_id": "2", "object_repr": "Tapeos", "action_flag": 1, "change_message": "[{\"added\": {}}]"}}, {"model": "admin.logentry", "pk": 98, "fields": {"action_time": "2019-05-18T17:45:54.300Z", "user": 1, "content_type": 15, "object_id": "3", "object_repr": "Informaci\u00f3n", "action_flag": 1, "change_message": "[{\"added\": {}}]"}}, {"model": "admin.logentry", "pk": 99, "fields": {"action_time": "2019-05-18T17:46:02.708Z", "user": 1, "content_type": 15, "object_id": "4", "object_repr": "Formaci\u00f3n", "action_flag": 1, "change_message": "[{\"added\": {}}]"}}, {"model": "admin.logentry", "pk": 100, "fields": {"action_time": "2019-05-18T18:50:01.621Z", "user": 1, "content_type": 17, "object_id": "1", "object_repr": "Sin definir", "action_flag": 1, "change_message": "[{\"added\": {}}]"}}, {"model": "admin.logentry", "pk": 101, "fields": {"action_time": "2019-05-18T18:50:16.171Z", "user": 1, "content_type": 17, "object_id": "2", "object_repr": "Protectora", "action_flag": 1, "change_message": "[{\"added\": {}}]"}}, {"model": "admin.logentry", "pk": 102, "fields": {"action_time": "2019-05-18T18:50:30.744Z", "user": 1, "content_type": 17, "object_id": "3", "object_repr": "Veterinario", "action_flag": 1, "change_message": "[{\"added\": {}}]"}}, {"model": "admin.logentry", "pk": 103, "fields": {"action_time": "2019-05-18T18:50:43.606Z", "user": 1, "content_type": 17, "object_id": "4", "object_repr": "Peluquer\u00eda", "action_flag": 1, "change_message": "[{\"added\": {}}]"}}, {"model": "admin.logentry", "pk": 104, "fields": {"action_time": "2019-05-18T18:50:53.890Z", "user": 1, "content_type": 17, "object_id": "5", "object_repr": "Tienda", "action_flag": 1, "change_message": "[{\"added\": {}}]"}}, {"model": "admin.logentry", "pk": 105, "fields": {"action_time": "2019-05-18T18:51:01.818Z", "user": 1, "content_type": 17, "object_id": "6", "object_repr": "Adiestrador", "action_flag": 1, "change_message": "[{\"added\": {}}]"}}, {"model": "admin.logentry", "pk": 106, "fields": {"action_time": "2019-05-18T18:54:44.828Z", "user": 1, "content_type": 16, "object_id": "1", "object_repr": "Adala Zaragoza (Adala)", "action_flag": 1, "change_message": "[{\"added\": {}}]"}}, {"model": "admin.logentry", "pk": 107, "fields": {"action_time": "2019-05-19T08:57:05.654Z", "user": 1, "content_type": 12, "object_id": "5", "object_repr": "Tapeo CanGatos (CanGatos) - (2019-05-19)", "action_flag": 1, "change_message": "[{\"added\": {}}]"}}, {"model": "admin.logentry", "pk": 108, "fields": {"action_time": "2019-05-19T09:02:31.982Z", "user": 1, "content_type": 16, "object_id": "2", "object_repr": "GuauQuePelos (javier)", "action_flag": 1, "change_message": "[{\"added\": {}}]"}}, {"model": "admin.logentry", "pk": 109, "fields": {"action_time": "2019-05-19T09:10:31.390Z", "user": 1, "content_type": 16, "object_id": "3", "object_repr": "Cl\u00ednica Ruise\u00f1ores (javier)", "action_flag": 1, "change_message": "[{\"added\": {}}]"}}, {"model": "admin.logentry", "pk": 110, "fields": {"action_time": "2019-05-19T09:13:42.087Z", "user": 1, "content_type": 16, "object_id": "3", "object_repr": "Cl\u00ednica Ruise\u00f1ores (javier)", "action_flag": 2, "change_message": "[{\"changed\": {\"fields\": [\"descripcion\"]}}]"}}, {"model": "admin.logentry", "pk": 111, "fields": {"action_time": "2019-05-19T09:22:38.078Z", "user": 1, "content_type": 11, "object_id": "7", "object_repr": "Ali (Montse) - (2016)", "action_flag": 1, "change_message": "[{\"added\": {}}]"}}, {"model": "admin.logentry", "pk": 112, "fields": {"action_time": "2019-05-19T09:26:39.538Z", "user": 1, "content_type": 11, "object_id": "8", "object_repr": "Rufo (Montse) - (2018)", "action_flag": 1, "change_message": "[{\"added\": {}}]"}}, {"model": "admin.logentry", "pk": 113, "fields": {"action_time": "2019-05-25T11:06:51.805Z", "user": 1, "content_type": 18, "object_id": "1", "object_repr": "Facebook", "action_flag": 1, "change_message": "[{\"added\": {}}]"}}, {"model": "admin.logentry", "pk": 114, "fields": {"action_time": "2019-05-25T11:09:03.342Z", "user": 1, "content_type": 18, "object_id": "2", "object_repr": "Twitter", "action_flag": 1, "change_message": "[{\"added\": {}}]"}}, {"model": "admin.logentry", "pk": 115, "fields": {"action_time": "2019-05-25T11:09:33.249Z", "user": 1, "content_type": 18, "object_id": "3", "object_repr": "Instagram", "action_flag": 1, "change_message": "[{\"added\": {}}]"}}, {"model": "admin.logentry", "pk": 116, "fields": {"action_time": "2019-05-25T11:31:04.722Z", "user": 1, "content_type": 7, "object_id": "1", "object_repr": "Pol\u00edtica de privacidad", "action_flag": 2, "change_message": "[{\"changed\": {\"fields\": [\"title\", \"content\", \"order\"]}}]"}}, {"model": "admin.logentry", "pk": 117, "fields": {"action_time": "2019-05-25T11:32:58.366Z", "user": 1, "content_type": 7, "object_id": "2", "object_repr": "Aviso legal", "action_flag": 2, "change_message": "[{\"changed\": {\"fields\": [\"title\"]}}]"}}, {"model": "admin.logentry", "pk": 118, "fields": {"action_time": "2019-05-25T11:33:08.054Z", "user": 1, "content_type": 7, "object_id": "6", "object_repr": "Perro nuevo", "action_flag": 3, "change_message": ""}}, {"model": "admin.logentry", "pk": 119, "fields": {"action_time": "2019-05-25T11:33:08.302Z", "user": 1, "content_type": 7, "object_id": "3", "object_repr": "P\u00e1gina de prueba 3", "action_flag": 3, "change_message": ""}}, {"model": "admin.logentry", "pk": 120, "fields": {"action_time": "2019-05-25T11:34:02.469Z", "user": 1, "content_type": 7, "object_id": "4", "object_repr": "Cookies", "action_flag": 2, "change_message": "[{\"changed\": {\"fields\": [\"title\", \"content\"]}}]"}}, {"model": "admin.logentry", "pk": 121, "fields": {"action_time": "2019-05-25T12:44:23.419Z", "user": 1, "content_type": 11, "object_id": "9", "object_repr": "Galguito (Adala) - (2017)", "action_flag": 2, "change_message": "[{\"changed\": {\"fields\": [\"usuario\"]}}]"}}, {"model": "admin.logentry", "pk": 122, "fields": {"action_time": "2019-05-25T12:44:42.826Z", "user": 1, "content_type": 11, "object_id": "14", "object_repr": "Cloe (CanGatos) - (2016)", "action_flag": 2, "change_message": "[{\"changed\": {\"fields\": [\"usuario\", \"descripcion\"]}}]"}}, {"model": "admin.logentry", "pk": 123, "fields": {"action_time": "2019-05-25T20:05:22.483Z", "user": 1, "content_type": 19, "object_id": "1", "object_repr": "Sin clasificar", "action_flag": 1, "change_message": "[{\"added\": {}}]"}}, {"model": "admin.logentry", "pk": 124, "fields": {"action_time": "2019-05-25T20:05:31.686Z", "user": 1, "content_type": 19, "object_id": "2", "object_repr": "Legislaci\u00f3n", "action_flag": 1, "change_message": "[{\"added\": {}}]"}}, {"model": "admin.logentry", "pk": 125, "fields": {"action_time": "2019-05-25T20:05:56.542Z", "user": 1, "content_type": 19, "object_id": "3", "object_repr": "Sucesos", "action_flag": 1, "change_message": "[{\"added\": {}}]"}}, {"model": "registration.profile", "pk": 1, "fields": {"user": 1, "avatar": "profiles/rottweiler.png", "bio": "Mi bio", "link": null}}, {"model": "registration.profile", "pk": 3, "fields": {"user": 6, "avatar": "profiles/perro3.jpeg", "bio": "Esta es Montse", "link": null}}, {"model": "registration.profile", "pk": 5, "fields": {"user": 8, "avatar": "", "bio": null, "link": null}}, {"model": "registration.profile", "pk": 6, "fields": {"user": 9, "avatar": "", "bio": null, "link": null}}]